display_name,handle,did,created_at,posts_count,followers_count,date
Ada Lovelace Institute,adalovelaceinst.bsky.social,did:plc:5de7vfuikgx4jvrf6uypj7nv,2024-11-06T12:47:31.285Z,60,4344,15/03/2025
Adam Smith Institute,adamsmith.org,did:plc:4qvydr5ow2ggrk23tn27vva5,2024-08-05T19:45:50.676Z,112,250,15/03/2025
Bright Blue,brightblueuk.bsky.social,did:plc:txyxwvygr4l3iruhu5k5bbsl,2024-12-12T12:22:47.343Z,23,55,15/03/2025
British Future,britishfuture.bsky.social,did:plc:4r6ymmtedivjzw5fuev5i5fn,2024-09-20T13:05:06.007Z,205,16516,15/03/2025
Carnegie UK,carnegieuk.bsky.social,did:plc:nyzy2hdbun4t6fy6bpgf76ek,2024-08-21T12:33:39.386Z,78,1253,15/03/2025
Centre for Ageing Better,ageingbetter.bsky.social,did:plc:euzuj362ouwdyaoiwdkewdk5,2023-11-28T16:21:54.344Z,386,2361,15/03/2025
Centre for Cities,centreforcities.bsky.social,did:plc:opnnmgvzba7l7symuar4hnk7,2024-08-19T11:32:08.985Z,182,4566,15/03/2025
Centre for European Reform,centreeuropeanref.bsky.social,did:plc:wlvfnoanqixg56gznysnbpip,2023-10-09T06:30:42.120Z,881,14725,15/03/2025
Centre for London,centreforlondon.bsky.social,did:plc:kjbkeuj6vt6xb5pgs62rdsbc,2024-10-29T16:58:52.906Z,93,1212,15/03/2025
Centre for Policy Studies,cps.org.uk,did:plc:qop4hjippursafqjfzdmcc7t,2024-09-23T14:10:00.806Z,8,120,15/03/2025
Centre for Progressive Policy (CPP),centrepropolicy.bsky.social,did:plc:b6v2bavz4vsfc6ar3l7fu4ys,2024-11-19T15:12:36.207Z,33,624,15/03/2025
Chatham House,chathamhouse.org,did:plc:mxrblrevl3divnsgg47t7r7n,2023-10-12T14:14:59.094Z,1149,11601,15/03/2025
Common Wealth,cmmonwealth.bsky.social,did:plc:egvrtbix76defbtjk743wb7s,2024-11-13T12:20:41.384Z,442,3416,15/03/2025
Demos,demos-uk.bsky.social,did:plc:emadppgpq22tifenmkquf65e,2025-01-21T09:52:15.243Z,128,324,15/03/2025
E3G - Third Generation Environmentalism,e3g.bsky.social,did:plc:mdng7i5o3v5fqovyjsfdbmr5,2023-07-03T13:38:44.940Z,533,4063,15/03/2025
Education Policy Institute,edupolicyinst.bsky.social,did:plc:t2ylcyj4rfbzxutepimowxkl,2024-08-19T10:52:17.085Z,170,3510,15/03/2025
Fabian Society,thefabians.bsky.social,did:plc:gr7tu2j7cf62v7uq6eowkpuh,2024-08-07T15:48:32.275Z,215,7173,15/03/2025
FFT Education Datalab,fftedudatalab.bsky.social,did:plc:taefh5uhkk7med2xibvmrc7y,2024-08-07T11:15:24.175Z,83,2185,15/03/2025
Foreign Policy Centre,fpcthinktank.bsky.social,did:plc:qvfefidurnoo2pcrwsuhommd,2024-11-15T13:29:28.928Z,118,883,15/03/2025
Green Alliance,green-alliance.org.uk,did:plc:7z7kulr3646g2374wmtqinnp,2024-09-25T12:53:45.012Z,465,4400,15/03/2025
Henry Jackson Society,hjs-org.bsky.social,did:plc:6a2u3yo3oleqbynylga6psek,2025-01-08T15:17:37.543Z,54,44,15/03/2025
Higher Education Policy Institute,hepi-news.bsky.social,did:plc:d5doekkeeoj4kmfteul4dgbp,2024-09-09T21:37:47.027Z,56,3452,15/03/2025
Institute for Government,instituteforgov.bsky.social,did:plc:d656x5rt365ylfpbzpwgpl4i,2023-10-18T06:10:36.584Z,966,18965,15/03/2025
Institute for Public Policy Research,ippr.bsky.social,did:plc:meoeiisz2ja66j35jx2rxjyc,2024-08-15T16:36:30.686Z,220,11750,15/03/2025
Institute for Strategic Dialogue,isdglobal.bsky.social,did:plc:u2frrf5ztlo2axpobrh5spnu,2023-05-16T13:21:40.241Z,584,13254,15/03/2025
IPPR North,ipprnorth.bsky.social,did:plc:xhq7vs44ls72tclgkygr2csk,2024-10-03T11:10:16.407Z,117,2994,15/03/2025
IPPR Scotland,ipprscotland.bsky.social,did:plc:3wcun5uuujan7emqitbkvcyv,2024-09-04T15:23:40.532Z,45,2673,15/03/2025
Joseph Rowntree Foundation,jrf-uk.bsky.social,did:plc:6u46ytxyyjtosco3zqypvnfu,2024-08-08T14:58:11.573Z,298,17370,15/03/2025
Labour Together,labourtogether.bsky.social,did:plc:gtlggetwlcfcavi6kojraq5i,2024-12-11T15:38:00.542Z,8,706,15/03/2025
Learning and Work Institute,learnworkuk.bsky.social,did:plc:o3kqzxe5yw3mkgtu7fhy4p4s,2024-09-11T09:47:14.218Z,314,938,15/03/2025
Localis,localis.bsky.social,did:plc:ykmh4ajqpz5e6wrhwwylhmgz,2024-11-13T14:18:54.993Z,36,94,15/03/2025
National Institute of Economic and Social Research,niesrorg.bsky.social,did:plc:6s7n3h2jcntzuvlw2movrget,2023-10-30T19:00:50.992Z,229,2341,15/03/2025
Nesta,nestauk.bsky.social,did:plc:z7mixdduuq2vn4jikct73u4n,2023-11-09T16:48:23.303Z,146,6157,15/03/2025
New Economics Foundation,neweconomics.bsky.social,did:plc:qkwlfbeyfe3qju2m3zedp3ty,2024-08-15T09:39:48.386Z,418,9079,15/03/2025
New Local,wearenewlocal.bsky.social,did:plc:lmxm6nvg2mbgijrmylzi5edl,2024-08-09T14:22:12.377Z,210,3285,15/03/2025
Nuffield Trust,nuffieldtrust.bsky.social,did:plc:3i6he5t5fzftouviunkxqkza,2023-11-13T13:00:57.530Z,289,10437,15/03/2025
Power to Change,powertochange.org.uk,did:plc:hbtfzqj26wya2vktvi5477wx,2024-09-04T08:02:03.029Z,150,2683,15/03/2025
Reform Think Tank,reformthinktank.bsky.social,did:plc:zveku525by3civ6dxkkxablx,2024-08-21T15:39:48.086Z,399,2948,15/03/2025
Resolution Foundation ,resfoundation.bsky.social,did:plc:v2gvr3pl2uwqxues3xqs7ycj,2024-08-14T16:03:45.085Z,1968,20780,15/03/2025
RUSI,rusi.bsky.social,did:plc:7qvp3lvh66jiwak7h6g7k5l7,2023-10-30T12:54:21.472Z,304,10339,15/03/2025
Social Market Foundation,smfthinktank.bsky.social,did:plc:k6igyhphuzkfg2pccj427ats,2024-08-21T09:02:43.686Z,148,2173,15/03/2025
The Centre for Local Economic Strategies (CLES),clesthinkdo.bsky.social,did:plc:c25nthsswbqywnvtlzofwe6a,2024-09-04T13:16:43.650Z,55,1169,15/03/2025
The Centre for Social Justice,csjthinktank.bsky.social,did:plc:iamfqmryks4x5dhmckglyzgq,2024-11-26T12:46:29.744Z,51,192,15/03/2025
The Future Governance Forum (FGF),futuregovforum.bsky.social,did:plc:qaiiwbdr22cirgxfnbzmymux,2024-08-15T09:57:49.687Z,220,1373,15/03/2025
The Health Foundation,healthfoundation.bsky.social,did:plc:6ds3xbkljkoxie3pmigou7l3,2024-08-14T11:54:09.487Z,243,6228,15/03/2025
The Institute for Fiscal Studies,theifs.bsky.social,did:plc:migxim34fyw7yvdbzw5maym5,2023-12-05T10:40:48.910Z,523,10424,15/03/2025
The King's Fund,thekingsfund.bsky.social,did:plc:bn7y6o7kn5oqb67yunt5agdf,2023-11-14T09:06:05.369Z,165,9863,15/03/2025
The Sutton Trust,suttontrust.bsky.social,did:plc:ye6y3gm7x5oskynwkpkubrnb,2024-11-12T11:47:21.610Z,167,4129,15/03/2025
Women's Budget Group,womensbudgetgrp.bsky.social,did:plc:i7qk7m4wloyitpy6fsbiazvx,2024-08-20T16:09:47.386Z,234,2482,15/03/2025
Ada Lovelace Institute,adalovelaceinst.bsky.social,did:plc:5de7vfuikgx4jvrf6uypj7nv,2024-11-06T12:47:31.285Z,64,4436,20/03/2025
Adam Smith Institute,adamsmith.org,did:plc:4qvydr5ow2ggrk23tn27vva5,2024-08-05T19:45:50.676Z,112,251,20/03/2025
Bright Blue,brightblueuk.bsky.social,did:plc:txyxwvygr4l3iruhu5k5bbsl,2024-12-12T12:22:47.343Z,27,54,20/03/2025
British Future,britishfuture.bsky.social,did:plc:4r6ymmtedivjzw5fuev5i5fn,2024-09-20T13:05:06.007Z,207,16532,20/03/2025
Carnegie UK,carnegieuk.bsky.social,did:plc:nyzy2hdbun4t6fy6bpgf76ek,2024-08-21T12:33:39.386Z,82,1265,20/03/2025
Centre for Ageing Better,ageingbetter.bsky.social,did:plc:euzuj362ouwdyaoiwdkewdk5,2023-11-28T16:21:54.344Z,404,2377,20/03/2025
Centre for Cities,centreforcities.bsky.social,did:plc:opnnmgvzba7l7symuar4hnk7,2024-08-19T11:32:08.985Z,187,4576,20/03/2025
Centre for European Reform,centreeuropeanref.bsky.social,did:plc:wlvfnoanqixg56gznysnbpip,2023-10-09T06:30:42.120Z,899,14876,20/03/2025
Centre for London,centreforlondon.bsky.social,did:plc:kjbkeuj6vt6xb5pgs62rdsbc,2024-10-29T16:58:52.906Z,98,1218,20/03/2025
Centre for Policy Studies,cps.org.uk,did:plc:qop4hjippursafqjfzdmcc7t,2024-09-23T14:10:00.806Z,8,119,20/03/2025
Centre for Progressive Policy (CPP),centrepropolicy.bsky.social,did:plc:b6v2bavz4vsfc6ar3l7fu4ys,2024-11-19T15:12:36.207Z,33,631,20/03/2025
Chatham House,chathamhouse.org,did:plc:mxrblrevl3divnsgg47t7r7n,2023-10-12T14:14:59.094Z,1179,11818,20/03/2025
Common Wealth,cmmonwealth.bsky.social,did:plc:egvrtbix76defbtjk743wb7s,2024-11-13T12:20:41.384Z,451,3435,20/03/2025
Demos,demos-uk.bsky.social,did:plc:emadppgpq22tifenmkquf65e,2025-01-21T09:52:15.243Z,129,328,20/03/2025
E3G - Third Generation Environmentalism,e3g.bsky.social,did:plc:mdng7i5o3v5fqovyjsfdbmr5,2023-07-03T13:38:44.940Z,546,4092,20/03/2025
Education Policy Institute,edupolicyinst.bsky.social,did:plc:t2ylcyj4rfbzxutepimowxkl,2024-08-19T10:52:17.085Z,190,3566,20/03/2025
Fabian Society,thefabians.bsky.social,did:plc:gr7tu2j7cf62v7uq6eowkpuh,2024-08-07T15:48:32.275Z,218,7198,20/03/2025
FFT Education Datalab,fftedudatalab.bsky.social,did:plc:taefh5uhkk7med2xibvmrc7y,2024-08-07T11:15:24.175Z,86,2199,20/03/2025
Foreign Policy Centre,fpcthinktank.bsky.social,did:plc:qvfefidurnoo2pcrwsuhommd,2024-11-15T13:29:28.928Z,123,890,20/03/2025
Green Alliance,green-alliance.org.uk,did:plc:7z7kulr3646g2374wmtqinnp,2024-09-25T12:53:45.012Z,496,4424,20/03/2025
Henry Jackson Society,hjs-org.bsky.social,did:plc:6a2u3yo3oleqbynylga6psek,2025-01-08T15:17:37.543Z,61,45,20/03/2025
Higher Education Policy Institute,hepi-news.bsky.social,did:plc:d5doekkeeoj4kmfteul4dgbp,2024-09-09T21:37:47.027Z,56,3483,20/03/2025
Institute for Government,instituteforgov.bsky.social,did:plc:d656x5rt365ylfpbzpwgpl4i,2023-10-18T06:10:36.584Z,995,19096,20/03/2025
Institute for Public Policy Research,ippr.bsky.social,did:plc:meoeiisz2ja66j35jx2rxjyc,2024-08-15T16:36:30.686Z,230,11911,20/03/2025
Institute for Strategic Dialogue,isdglobal.bsky.social,did:plc:u2frrf5ztlo2axpobrh5spnu,2023-05-16T13:21:40.241Z,588,13338,20/03/2025
IPPR North,ipprnorth.bsky.social,did:plc:xhq7vs44ls72tclgkygr2csk,2024-10-03T11:10:16.407Z,118,3002,20/03/2025
IPPR Scotland,ipprscotland.bsky.social,did:plc:3wcun5uuujan7emqitbkvcyv,2024-09-04T15:23:40.532Z,49,2674,20/03/2025
Joseph Rowntree Foundation,jrf-uk.bsky.social,did:plc:6u46ytxyyjtosco3zqypvnfu,2024-08-08T14:58:11.573Z,307,17694,20/03/2025
Labour Together,labourtogether.bsky.social,did:plc:gtlggetwlcfcavi6kojraq5i,2024-12-11T15:38:00.542Z,8,704,20/03/2025
Learning and Work Institute,learnworkuk.bsky.social,did:plc:o3kqzxe5yw3mkgtu7fhy4p4s,2024-09-11T09:47:14.218Z,333,952,20/03/2025
Localis,localis.bsky.social,did:plc:ykmh4ajqpz5e6wrhwwylhmgz,2024-11-13T14:18:54.993Z,36,96,20/03/2025
National Institute of Economic and Social Research,niesrorg.bsky.social,did:plc:6s7n3h2jcntzuvlw2movrget,2023-10-30T19:00:50.992Z,241,2354,20/03/2025
Nesta,nestauk.bsky.social,did:plc:z7mixdduuq2vn4jikct73u4n,2023-11-09T16:48:23.303Z,148,6190,20/03/2025
New Economics Foundation,neweconomics.bsky.social,did:plc:qkwlfbeyfe3qju2m3zedp3ty,2024-08-15T09:39:48.386Z,439,9128,20/03/2025
New Local,wearenewlocal.bsky.social,did:plc:lmxm6nvg2mbgijrmylzi5edl,2024-08-09T14:22:12.377Z,215,3291,20/03/2025
Nuffield Trust,nuffieldtrust.bsky.social,did:plc:3i6he5t5fzftouviunkxqkza,2023-11-13T13:00:57.530Z,295,10493,20/03/2025
Power to Change,powertochange.org.uk,did:plc:hbtfzqj26wya2vktvi5477wx,2024-09-04T08:02:03.029Z,157,2693,20/03/2025
Reform Think Tank,reformthinktank.bsky.social,did:plc:zveku525by3civ6dxkkxablx,2024-08-21T15:39:48.086Z,404,2951,20/03/2025
Resolution Foundation ,resfoundation.bsky.social,did:plc:v2gvr3pl2uwqxues3xqs7ycj,2024-08-14T16:03:45.085Z,2033,20920,20/03/2025
RUSI,rusi.bsky.social,did:plc:7qvp3lvh66jiwak7h6g7k5l7,2023-10-30T12:54:21.472Z,318,10523,20/03/2025
Social Market Foundation,smfthinktank.bsky.social,did:plc:k6igyhphuzkfg2pccj427ats,2024-08-21T09:02:43.686Z,159,2179,20/03/2025
The Centre for Local Economic Strategies (CLES),clesthinkdo.bsky.social,did:plc:c25nthsswbqywnvtlzofwe6a,2024-09-04T13:16:43.650Z,55,1177,20/03/2025
The Centre for Social Justice,csjthinktank.bsky.social,did:plc:iamfqmryks4x5dhmckglyzgq,2024-11-26T12:46:29.744Z,59,202,20/03/2025
The Future Governance Forum (FGF),futuregovforum.bsky.social,did:plc:qaiiwbdr22cirgxfnbzmymux,2024-08-15T09:57:49.687Z,233,1391,20/03/2025
The Health Foundation,healthfoundation.bsky.social,did:plc:6ds3xbkljkoxie3pmigou7l3,2024-08-14T11:54:09.487Z,256,6409,20/03/2025
The Institute for Fiscal Studies,theifs.bsky.social,did:plc:migxim34fyw7yvdbzw5maym5,2023-12-05T10:40:48.910Z,555,10488,20/03/2025
The King's Fund,thekingsfund.bsky.social,did:plc:bn7y6o7kn5oqb67yunt5agdf,2023-11-14T09:06:05.369Z,182,9915,20/03/2025
The Sutton Trust,suttontrust.bsky.social,did:plc:ye6y3gm7x5oskynwkpkubrnb,2024-11-12T11:47:21.610Z,176,4167,20/03/2025
Women's Budget Group,womensbudgetgrp.bsky.social,did:plc:i7qk7m4wloyitpy6fsbiazvx,2024-08-20T16:09:47.386Z,244,2493,20/03/2025
Ada Lovelace Institute,adalovelaceinst.bsky.social,did:plc:5de7vfuikgx4jvrf6uypj7nv,2024-11-06T12:47:31.285Z,88,4541,07/04/2025
Adam Smith Institute,adamsmith.org,did:plc:4qvydr5ow2ggrk23tn27vva5,2024-08-05T19:45:50.676Z,112,262,07/04/2025
Bright Blue,brightblueuk.bsky.social,did:plc:txyxwvygr4l3iruhu5k5bbsl,2024-12-12T12:22:47.343Z,32,57,07/04/2025
British Future,britishfuture.bsky.social,did:plc:4r6ymmtedivjzw5fuev5i5fn,2024-09-20T13:05:06.007Z,218,16570,07/04/2025
Carnegie UK,carnegieuk.bsky.social,did:plc:nyzy2hdbun4t6fy6bpgf76ek,2024-08-21T12:33:39.386Z,93,1290,07/04/2025
Centre for Ageing Better,ageingbetter.bsky.social,did:plc:euzuj362ouwdyaoiwdkewdk5,2023-11-28T16:21:54.344Z,519,2435,07/04/2025
Centre for Cities,centreforcities.bsky.social,did:plc:opnnmgvzba7l7symuar4hnk7,2024-08-19T11:32:08.985Z,202,4627,07/04/2025
Centre for European Reform,centreeuropeanref.bsky.social,did:plc:wlvfnoanqixg56gznysnbpip,2023-10-09T06:30:42.120Z,985,15187,07/04/2025
Centre for London,centreforlondon.bsky.social,did:plc:kjbkeuj6vt6xb5pgs62rdsbc,2024-10-29T16:58:52.906Z,105,1236,07/04/2025
Centre for Policy Studies,cps.org.uk,did:plc:qop4hjippursafqjfzdmcc7t,2024-09-23T14:10:00.806Z,8,126,07/04/2025
Centre for Progressive Policy (CPP),centrepropolicy.bsky.social,did:plc:b6v2bavz4vsfc6ar3l7fu4ys,2024-11-19T15:12:36.207Z,38,643,07/04/2025
Chatham House,chathamhouse.org,did:plc:mxrblrevl3divnsgg47t7r7n,2023-10-12T14:14:59.094Z,1236,12261,07/04/2025
Common Wealth,cmmonwealth.bsky.social,did:plc:egvrtbix76defbtjk743wb7s,2024-11-13T12:20:41.384Z,503,3538,07/04/2025
Demos,demos-uk.bsky.social,did:plc:emadppgpq22tifenmkquf65e,2025-01-21T09:52:15.243Z,167,362,07/04/2025
E3G - Third Generation Environmentalism,e3g.bsky.social,did:plc:mdng7i5o3v5fqovyjsfdbmr5,2023-07-03T13:38:44.940Z,585,4181,07/04/2025
Education Policy Institute,edupolicyinst.bsky.social,did:plc:t2ylcyj4rfbzxutepimowxkl,2024-08-19T10:52:17.085Z,220,3667,07/04/2025
Fabian Society,thefabians.bsky.social,did:plc:gr7tu2j7cf62v7uq6eowkpuh,2024-08-07T15:48:32.275Z,221,7263,07/04/2025
FFT Education Datalab,fftedudatalab.bsky.social,did:plc:taefh5uhkk7med2xibvmrc7y,2024-08-07T11:15:24.175Z,98,2238,07/04/2025
Foreign Policy Centre,fpcthinktank.bsky.social,did:plc:qvfefidurnoo2pcrwsuhommd,2024-11-15T13:29:28.928Z,153,898,07/04/2025
Green Alliance,green-alliance.org.uk,did:plc:7z7kulr3646g2374wmtqinnp,2024-09-25T12:53:45.012Z,544,4501,07/04/2025
Henry Jackson Society,hjs-org.bsky.social,did:plc:6a2u3yo3oleqbynylga6psek,2025-01-08T15:17:37.543Z,66,53,07/04/2025
Higher Education Policy Institute,hepi-news.bsky.social,did:plc:d5doekkeeoj4kmfteul4dgbp,2024-09-09T21:37:47.027Z,59,3548,07/04/2025
Institute for Government,instituteforgov.bsky.social,did:plc:d656x5rt365ylfpbzpwgpl4i,2023-10-18T06:10:36.584Z,1061,19292,07/04/2025
Institute for Public Policy Research,ippr.bsky.social,did:plc:meoeiisz2ja66j35jx2rxjyc,2024-08-15T16:36:30.686Z,246,12080,07/04/2025
Institute for Strategic Dialogue,isdglobal.bsky.social,did:plc:u2frrf5ztlo2axpobrh5spnu,2023-05-16T13:21:40.241Z,603,13509,07/04/2025
IPPR North,ipprnorth.bsky.social,did:plc:xhq7vs44ls72tclgkygr2csk,2024-10-03T11:10:16.407Z,144,3029,07/04/2025
IPPR Scotland,ipprscotland.bsky.social,did:plc:3wcun5uuujan7emqitbkvcyv,2024-09-04T15:23:40.532Z,58,2701,07/04/2025
Joseph Rowntree Foundation,jrf-uk.bsky.social,did:plc:6u46ytxyyjtosco3zqypvnfu,2024-08-08T14:58:11.573Z,340,18129,07/04/2025
Labour Together,labourtogether.bsky.social,did:plc:gtlggetwlcfcavi6kojraq5i,2024-12-11T15:38:00.542Z,10,724,07/04/2025
Learning and Work Institute,learnworkuk.bsky.social,did:plc:o3kqzxe5yw3mkgtu7fhy4p4s,2024-09-11T09:47:14.218Z,358,981,07/04/2025
Localis,localis.bsky.social,did:plc:ykmh4ajqpz5e6wrhwwylhmgz,2024-11-13T14:18:54.993Z,45,102,07/04/2025
National Institute of Economic and Social Research,niesrorg.bsky.social,did:plc:6s7n3h2jcntzuvlw2movrget,2023-10-30T19:00:50.992Z,306,2392,07/04/2025
Nesta,nestauk.bsky.social,did:plc:z7mixdduuq2vn4jikct73u4n,2023-11-09T16:48:23.303Z,159,6256,07/04/2025
New Economics Foundation,neweconomics.bsky.social,did:plc:qkwlfbeyfe3qju2m3zedp3ty,2024-08-15T09:39:48.386Z,471,9351,07/04/2025
New Local,wearenewlocal.bsky.social,did:plc:lmxm6nvg2mbgijrmylzi5edl,2024-08-09T14:22:12.377Z,226,3332,07/04/2025
Nuffield Trust,nuffieldtrust.bsky.social,did:plc:3i6he5t5fzftouviunkxqkza,2023-11-13T13:00:57.530Z,323,10626,07/04/2025
Power to Change,powertochange.org.uk,did:plc:hbtfzqj26wya2vktvi5477wx,2024-09-04T08:02:03.029Z,171,2760,07/04/2025
Reform Think Tank,reformthinktank.bsky.social,did:plc:zveku525by3civ6dxkkxablx,2024-08-21T15:39:48.086Z,455,2993,07/04/2025
Resolution Foundation ,resfoundation.bsky.social,did:plc:v2gvr3pl2uwqxues3xqs7ycj,2024-08-14T16:03:45.085Z,2293,21234,07/04/2025
RUSI,rusi.bsky.social,did:plc:7qvp3lvh66jiwak7h6g7k5l7,2023-10-30T12:54:21.472Z,356,10985,07/04/2025
Social Market Foundation,smfthinktank.bsky.social,did:plc:k6igyhphuzkfg2pccj427ats,2024-08-21T09:02:43.686Z,197,2206,07/04/2025
The Centre for Local Economic Strategies (CLES),clesthinkdo.bsky.social,did:plc:c25nthsswbqywnvtlzofwe6a,2024-09-04T13:16:43.650Z,70,1236,07/04/2025
The Centre for Social Justice,csjthinktank.bsky.social,did:plc:iamfqmryks4x5dhmckglyzgq,2024-11-26T12:46:29.744Z,66,218,07/04/2025
The Future Governance Forum (FGF),futuregovforum.bsky.social,did:plc:qaiiwbdr22cirgxfnbzmymux,2024-08-15T09:57:49.687Z,240,1407,07/04/2025
The Health Foundation,healthfoundation.bsky.social,did:plc:6ds3xbkljkoxie3pmigou7l3,2024-08-14T11:54:09.487Z,304,6557,07/04/2025
The Institute for Fiscal Studies,theifs.bsky.social,did:plc:migxim34fyw7yvdbzw5maym5,2023-12-05T10:40:48.910Z,662,10642,07/04/2025
The King's Fund,thekingsfund.bsky.social,did:plc:bn7y6o7kn5oqb67yunt5agdf,2023-11-14T09:06:05.369Z,230,10086,07/04/2025
The Sutton Trust,suttontrust.bsky.social,did:plc:ye6y3gm7x5oskynwkpkubrnb,2024-11-12T11:47:21.610Z,192,4258,07/04/2025
Women's Budget Group,womensbudgetgrp.bsky.social,did:plc:i7qk7m4wloyitpy6fsbiazvx,2024-08-20T16:09:47.386Z,293,2567,07/04/2025
Ada Lovelace Institute,adalovelaceinst.bsky.social,did:plc:5de7vfuikgx4jvrf6uypj7nv,2024-11-06T12:47:31.285Z,88,4589,22/04/2025
Adam Smith Institute,adamsmith.org,did:plc:4qvydr5ow2ggrk23tn27vva5,2024-08-05T19:45:50.676Z,112,263,22/04/2025
Bright Blue,brightblueuk.bsky.social,did:plc:txyxwvygr4l3iruhu5k5bbsl,2024-12-12T12:22:47.343Z,32,58,22/04/2025
British Future,britishfuture.bsky.social,did:plc:4r6ymmtedivjzw5fuev5i5fn,2024-09-20T13:05:06.007Z,232,16597,22/04/2025
Carnegie UK,carnegieuk.bsky.social,did:plc:nyzy2hdbun4t6fy6bpgf76ek,2024-08-21T12:33:39.386Z,94,1309,22/04/2025
Centre for Ageing Better,ageingbetter.bsky.social,did:plc:euzuj362ouwdyaoiwdkewdk5,2023-11-28T16:21:54.344Z,574,2479,22/04/2025
Centre for Cities,centreforcities.bsky.social,did:plc:opnnmgvzba7l7symuar4hnk7,2024-08-19T11:32:08.985Z,220,4659,22/04/2025
Centre for European Reform,centreeuropeanref.bsky.social,did:plc:wlvfnoanqixg56gznysnbpip,2023-10-09T06:30:42.120Z,1024,15354,22/04/2025
Centre for London,centreforlondon.bsky.social,did:plc:kjbkeuj6vt6xb5pgs62rdsbc,2024-10-29T16:58:52.906Z,111,1250,22/04/2025
Centre for Policy Studies,cps.org.uk,did:plc:qop4hjippursafqjfzdmcc7t,2024-09-23T14:10:00.806Z,8,127,22/04/2025
Centre for Progressive Policy (CPP),centrepropolicy.bsky.social,did:plc:b6v2bavz4vsfc6ar3l7fu4ys,2024-11-19T15:12:36.207Z,38,654,22/04/2025
Chatham House,chathamhouse.org,did:plc:mxrblrevl3divnsgg47t7r7n,2023-10-12T14:14:59.094Z,1294,12518,22/04/2025
Common Wealth,cmmonwealth.bsky.social,did:plc:egvrtbix76defbtjk743wb7s,2024-11-13T12:20:41.384Z,523,3589,22/04/2025
Demos,demos-uk.bsky.social,did:plc:emadppgpq22tifenmkquf65e,2025-01-21T09:52:15.243Z,175,381,22/04/2025
E3G - Third Generation Environmentalism,e3g.bsky.social,did:plc:mdng7i5o3v5fqovyjsfdbmr5,2023-07-03T13:38:44.940Z,613,4231,22/04/2025
Education Policy Institute,edupolicyinst.bsky.social,did:plc:t2ylcyj4rfbzxutepimowxkl,2024-08-19T10:52:17.085Z,227,3731,22/04/2025
Fabian Society,thefabians.bsky.social,did:plc:gr7tu2j7cf62v7uq6eowkpuh,2024-08-07T15:48:32.275Z,236,7292,22/04/2025
FFT Education Datalab,fftedudatalab.bsky.social,did:plc:taefh5uhkk7med2xibvmrc7y,2024-08-07T11:15:24.175Z,100,2267,22/04/2025
Foreign Policy Centre,fpcthinktank.bsky.social,did:plc:qvfefidurnoo2pcrwsuhommd,2024-11-15T13:29:28.928Z,161,902,22/04/2025
Green Alliance,green-alliance.org.uk,did:plc:7z7kulr3646g2374wmtqinnp,2024-09-25T12:53:45.012Z,594,4536,22/04/2025
Henry Jackson Society,hjs-org.bsky.social,did:plc:6a2u3yo3oleqbynylga6psek,2025-01-08T15:17:37.543Z,84,59,22/04/2025
Higher Education Policy Institute,hepi-news.bsky.social,did:plc:d5doekkeeoj4kmfteul4dgbp,2024-09-09T21:37:47.027Z,71,3597,22/04/2025
Institute for Government,instituteforgov.bsky.social,did:plc:d656x5rt365ylfpbzpwgpl4i,2023-10-18T06:10:36.584Z,1111,19411,22/04/2025
Institute for Public Policy Research,ippr.bsky.social,did:plc:meoeiisz2ja66j35jx2rxjyc,2024-08-15T16:36:30.686Z,258,12164,22/04/2025
Institute for Strategic Dialogue,isdglobal.bsky.social,did:plc:u2frrf5ztlo2axpobrh5spnu,2023-05-16T13:21:40.241Z,608,13598,22/04/2025
IPPR North,ipprnorth.bsky.social,did:plc:xhq7vs44ls72tclgkygr2csk,2024-10-03T11:10:16.407Z,145,3044,22/04/2025
IPPR Scotland,ipprscotland.bsky.social,did:plc:3wcun5uuujan7emqitbkvcyv,2024-09-04T15:23:40.532Z,58,2716,22/04/2025
Joseph Rowntree Foundation,jrf-uk.bsky.social,did:plc:6u46ytxyyjtosco3zqypvnfu,2024-08-08T14:58:11.573Z,347,18422,22/04/2025
Labour Together,labourtogether.bsky.social,did:plc:gtlggetwlcfcavi6kojraq5i,2024-12-11T15:38:00.542Z,12,743,22/04/2025
Learning and Work Institute,learnworkuk.bsky.social,did:plc:o3kqzxe5yw3mkgtu7fhy4p4s,2024-09-11T09:47:14.218Z,365,991,22/04/2025
Localis,localis.bsky.social,did:plc:ykmh4ajqpz5e6wrhwwylhmgz,2024-11-13T14:18:54.993Z,45,103,22/04/2025
National Institute of Economic and Social Research,niesrorg.bsky.social,did:plc:6s7n3h2jcntzuvlw2movrget,2023-10-30T19:00:50.992Z,340,2413,22/04/2025
Nesta,nestauk.bsky.social,did:plc:z7mixdduuq2vn4jikct73u4n,2023-11-09T16:48:23.303Z,169,6297,22/04/2025
New Economics Foundation,neweconomics.bsky.social,did:plc:qkwlfbeyfe3qju2m3zedp3ty,2024-08-15T09:39:48.386Z,484,9424,22/04/2025
New Local,wearenewlocal.bsky.social,did:plc:lmxm6nvg2mbgijrmylzi5edl,2024-08-09T14:22:12.377Z,233,3351,22/04/2025
Nuffield Trust,nuffieldtrust.bsky.social,did:plc:3i6he5t5fzftouviunkxqkza,2023-11-13T13:00:57.530Z,338,10692,22/04/2025
Power to Change,powertochange.org.uk,did:plc:hbtfzqj26wya2vktvi5477wx,2024-09-04T08:02:03.029Z,187,2789,22/04/2025
Reform Think Tank,reformthinktank.bsky.social,did:plc:zveku525by3civ6dxkkxablx,2024-08-21T15:39:48.086Z,468,2997,22/04/2025
Resolution Foundation ,resfoundation.bsky.social,did:plc:v2gvr3pl2uwqxues3xqs7ycj,2024-08-14T16:03:45.085Z,2485,21429,22/04/2025
RUSI,rusi.bsky.social,did:plc:7qvp3lvh66jiwak7h6g7k5l7,2023-10-30T12:54:21.472Z,374,11178,22/04/2025
Social Market Foundation,smfthinktank.bsky.social,did:plc:k6igyhphuzkfg2pccj427ats,2024-08-21T09:02:43.686Z,222,2216,22/04/2025
The Centre for Local Economic Strategies (CLES),clesthinkdo.bsky.social,did:plc:c25nthsswbqywnvtlzofwe6a,2024-09-04T13:16:43.650Z,72,1258,22/04/2025
The Centre for Social Justice,csjthinktank.bsky.social,did:plc:iamfqmryks4x5dhmckglyzgq,2024-11-26T12:46:29.744Z,66,228,22/04/2025
The Future Governance Forum (FGF),futuregovforum.bsky.social,did:plc:qaiiwbdr22cirgxfnbzmymux,2024-08-15T09:57:49.687Z,244,1411,22/04/2025
The Health Foundation,healthfoundation.bsky.social,did:plc:6ds3xbkljkoxie3pmigou7l3,2024-08-14T11:54:09.487Z,332,6754,22/04/2025
The Institute for Fiscal Studies,theifs.bsky.social,did:plc:migxim34fyw7yvdbzw5maym5,2023-12-05T10:40:48.910Z,695,10726,22/04/2025
The King's Fund,thekingsfund.bsky.social,did:plc:bn7y6o7kn5oqb67yunt5agdf,2023-11-14T09:06:05.369Z,256,10166,22/04/2025
The Sutton Trust,suttontrust.bsky.social,did:plc:ye6y3gm7x5oskynwkpkubrnb,2024-11-12T11:47:21.610Z,214,4320,22/04/2025
Women's Budget Group,womensbudgetgrp.bsky.social,did:plc:i7qk7m4wloyitpy6fsbiazvx,2024-08-20T16:09:47.386Z,298,2582,22/04/2025
Ada Lovelace Institute,adalovelaceinst.bsky.social,did:plc:5de7vfuikgx4jvrf6uypj7nv,2024-11-06T12:47:31.285Z,119,4850,2025-07-14
Adam Smith Institute,adamsmith.org,did:plc:4qvydr5ow2ggrk23tn27vva5,2024-08-05T19:45:50.676Z,124,275,2025-07-14
Bright Blue,brightblueuk.bsky.social,did:plc:txyxwvygr4l3iruhu5k5bbsl,2024-12-12T12:22:47.343Z,42,73,2025-07-14
British Future,britishfuture.bsky.social,did:plc:4r6ymmtedivjzw5fuev5i5fn,2024-09-20T13:05:06.007Z,375,16860,2025-07-14
Carnegie UK,carnegieuk.bsky.social,did:plc:nyzy2hdbun4t6fy6bpgf76ek,2024-08-21T12:33:39.386Z,125,1380,2025-07-14
Centre for Ageing Better,ageingbetter.bsky.social,did:plc:euzuj362ouwdyaoiwdkewdk5,2023-11-28T16:21:54.344Z,787,2627,2025-07-14
Centre for Cities,centreforcities.bsky.social,did:plc:opnnmgvzba7l7symuar4hnk7,2024-08-19T11:32:08.985Z,369,5106,2025-07-14
Centre for European Reform,centreeuropeanref.bsky.social,did:plc:wlvfnoanqixg56gznysnbpip,2023-10-09T06:30:42.120Z,1275,16056,2025-07-14
Centre for London,centreforlondon.bsky.social,did:plc:kjbkeuj6vt6xb5pgs62rdsbc,2024-10-29T16:58:52.906Z,174,1316,2025-07-14
Centre for Policy Studies,cps.org.uk,did:plc:qop4hjippursafqjfzdmcc7t,2024-09-23T14:10:00.806Z,8,143,2025-07-14
Growth and Reform Network,growthandreform.bsky.social,did:plc:b6v2bavz4vsfc6ar3l7fu4ys,2024-11-19T15:12:36.207Z,43,690,2025-07-14
Chatham House,chathamhouse.org,did:plc:mxrblrevl3divnsgg47t7r7n,2023-10-12T14:14:59.094Z,1552,13202,2025-07-14
Common Wealth,cmmonwealth.bsky.social,did:plc:egvrtbix76defbtjk743wb7s,2024-11-13T12:20:41.384Z,832,4043,2025-07-14
Demos,demos-uk.bsky.social,did:plc:emadppgpq22tifenmkquf65e,2025-01-21T09:52:15.243Z,286,550,2025-07-14
E3G - Third Generation Environmentalism,e3g.bsky.social,did:plc:mdng7i5o3v5fqovyjsfdbmr5,2023-07-03T13:38:44.940Z,738,4438,2025-07-14
Education Policy Institute,edupolicyinst.bsky.social,did:plc:t2ylcyj4rfbzxutepimowxkl,2024-08-19T10:52:17.085Z,326,3864,2025-07-14
Fabian Society,thefabians.bsky.social,did:plc:gr7tu2j7cf62v7uq6eowkpuh,2024-08-07T15:48:32.275Z,347,7453,2025-07-14
FFT Education Datalab,fftedudatalab.bsky.social,did:plc:taefh5uhkk7med2xibvmrc7y,2024-08-07T11:15:24.175Z,129,2312,2025-07-14
Foreign Policy Centre,fpcthinktank.bsky.social,did:plc:qvfefidurnoo2pcrwsuhommd,2024-11-15T13:29:28.928Z,192,937,2025-07-14
Green Alliance,green-alliance.org.uk,did:plc:7z7kulr3646g2374wmtqinnp,2024-09-25T12:53:45.012Z,922,4779,2025-07-14
Henry Jackson Society,hjs-org.bsky.social,did:plc:6a2u3yo3oleqbynylga6psek,2025-01-08T15:17:37.543Z,190,85,2025-07-14
Higher Education Policy Institute,hepi-news.bsky.social,did:plc:d5doekkeeoj4kmfteul4dgbp,2024-09-09T21:37:47.027Z,153,3700,2025-07-14
Institute for Government,instituteforgovernment.org.uk,did:plc:d656x5rt365ylfpbzpwgpl4i,2023-10-18T06:10:36.584Z,1453,19865,2025-07-14
Institute for Public Policy Research,ippr.org,did:plc:meoeiisz2ja66j35jx2rxjyc,2024-08-15T16:36:30.686Z,367,12736,2025-07-14
Institute for Strategic Dialogue,isdglobal.org,did:plc:u2frrf5ztlo2axpobrh5spnu,2023-05-16T13:21:40.241Z,665,14038,2025-07-14
IPPR North,ipprnorth.bsky.social,did:plc:xhq7vs44ls72tclgkygr2csk,2024-10-03T11:10:16.407Z,184,3142,2025-07-14
IPPR Scotland,ipprscotland.bsky.social,did:plc:3wcun5uuujan7emqitbkvcyv,2024-09-04T15:23:40.532Z,82,2811,2025-07-14
Joseph Rowntree Foundation,jrf-uk.bsky.social,did:plc:6u46ytxyyjtosco3zqypvnfu,2024-08-08T14:58:11.573Z,424,19399,2025-07-14
Labour Together,labourtogether.bsky.social,did:plc:gtlggetwlcfcavi6kojraq5i,2024-12-11T15:38:00.542Z,13,780,2025-07-14
Learning and Work Institute,learnworkuk.bsky.social,did:plc:o3kqzxe5yw3mkgtu7fhy4p4s,2024-09-11T09:47:14.218Z,507,1081,2025-07-14
Localis,localis.bsky.social,did:plc:ykmh4ajqpz5e6wrhwwylhmgz,2024-11-13T14:18:54.993Z,51,107,2025-07-14
National Institute of Economic and Social Research,niesrorg.bsky.social,did:plc:6s7n3h2jcntzuvlw2movrget,2023-10-30T19:00:50.992Z,564,2518,2025-07-14
Nesta,nestauk.bsky.social,did:plc:z7mixdduuq2vn4jikct73u4n,2023-11-09T16:48:23.303Z,237,6463,2025-07-14
New Economics Foundation,neweconomics.bsky.social,did:plc:qkwlfbeyfe3qju2m3zedp3ty,2024-08-15T09:39:48.386Z,726,9932,2025-07-14
New Local,wearenewlocal.bsky.social,did:plc:lmxm6nvg2mbgijrmylzi5edl,2024-08-09T14:22:12.377Z,390,3485,2025-07-14
Nuffield Trust,nuffieldtrust.org.uk,did:plc:3i6he5t5fzftouviunkxqkza,2023-11-13T13:00:57.530Z,475,10927,2025-07-14
Power to Change,powertochange.org.uk,did:plc:hbtfzqj26wya2vktvi5477wx,2024-09-04T08:02:03.029Z,309,2887,2025-07-14
Re:State,re-state.bsky.social,did:plc:zveku525by3civ6dxkkxablx,2024-08-21T15:39:48.086Z,659,3100,2025-07-14
Resolution Foundation ,resfoundation.bsky.social,did:plc:v2gvr3pl2uwqxues3xqs7ycj,2024-08-14T16:03:45.085Z,3317,21904,2025-07-14
RUSI,rusi.bsky.social,did:plc:7qvp3lvh66jiwak7h6g7k5l7,2023-10-30T12:54:21.472Z,476,12050,2025-07-14
Social Market Foundation,smfthinktank.bsky.social,did:plc:k6igyhphuzkfg2pccj427ats,2024-08-21T09:02:43.686Z,383,2293,2025-07-14
The Centre for Local Economic Strategies (CLES),clesthinkdo.bsky.social,did:plc:c25nthsswbqywnvtlzofwe6a,2024-09-04T13:16:43.650Z,95,1333,2025-07-14
The Centre for Social Justice,csjthinktank.bsky.social,did:plc:iamfqmryks4x5dhmckglyzgq,2024-11-26T12:46:29.744Z,103,268,2025-07-14
The Future Governance Forum (FGF),futuregovforum.bsky.social,did:plc:qaiiwbdr22cirgxfnbzmymux,2024-08-15T09:57:49.687Z,303,1461,2025-07-14
The Health Foundation,healthfoundation.bsky.social,did:plc:6ds3xbkljkoxie3pmigou7l3,2024-08-14T11:54:09.487Z,567,7479,2025-07-14
The Institute for Fiscal Studies,theifs.bsky.social,did:plc:migxim34fyw7yvdbzw5maym5,2023-12-05T10:40:48.910Z,903,11069,2025-07-14
The King's Fund,thekingsfund.bsky.social,did:plc:bn7y6o7kn5oqb67yunt5agdf,2023-11-14T09:06:05.369Z,435,10505,2025-07-14
The Sutton Trust,suttontrust.bsky.social,did:plc:ye6y3gm7x5oskynwkpkubrnb,2024-11-12T11:47:21.610Z,324,4615,2025-07-14
Women's Budget Group,womensbudgetgrp.bsky.social,did:plc:i7qk7m4wloyitpy6fsbiazvx,2024-08-20T16:09:47.386Z,427,2722,2025-07-14
